{"cameraMode":{"drawMode":0,"name":"Shaded","section":"Shading Mode"},"sceneLighting":true,"audioPlay":false,"sceneViewState":{"m_AlwaysRefresh":false,"showFog":true,"showSkybox":true,"showFlares":true,"showImageEffects":true,"showParticleSystems":true,"showVisualEffectGraphs":true,"m_FxEnabled":true},"in2DMode":false,"pivot":{"x":-10.661027908325196,"y":0.5435073971748352,"z":-0.5136282444000244},"rotation":{"x":-0.06165584176778793,"y":0.7268846035003662,"z":-0.06582228094339371,"w":-0.6808342933654785},"size":2.2781872749328615,"orthographic":false}